x_pos,y_pos
100.0,50.0
407.2009979600186,197.67883013993185
399.1153242595862,207.8042970938241
71.7400862358478,198.18457439203775
86.88857971729752,201.63952712793767
