x_pos,y_pos
,
,
,
,
,
,
,
,
,
,
,
,
,
,
,
,
,
,
,
,
,
,
,
,
,
,
,
,
,
,
,
,
,
,
,
,
,
,
,
,
,
,
,
,
,
,
,
,
,
,
,
,
,
,
,
,
,
,
,
,
,
,
,
,
,
,
,
,
,
,
,
,
,
,
,
,
,
,
,
,
,
,
,
,
,
,
,
,
,
,
,
,
,
,
,
,
,
,
,
,
,
,
,
,
,
,
,
,
,
,
,
,
,
,
,
,
,
,
,
,
,
,
,
,
,
,
,
,
,
,
,
,
,
,
,
,
,
,
,
,
,
,
,
,
,
,
,
,
,
,
,
,
,
,
,
,
,
,
,
,
,
,
,
,
,
,
,
,
,
,
,
,
,
,
,
,
,
,
,
,
,
,
,
,
,
,
,
,
,
,
,
,
,
,
,
214.61081926204588,111.20674879709048
214.61081926204588,111.20674879709048
214.61081926204588,111.20674879709048
214.61081926204588,111.20674879709048
214.61081926204588,111.20674879709048
214.61081926204588,111.20674879709048
214.61081926204588,111.20674879709048
214.61081926204588,111.20674879709048
214.61081926204588,111.20674879709048
214.61081926204588,111.20674879709048
214.61081926204588,111.20674879709048
214.61081926204588,111.20674879709048
214.61081926204588,111.20674879709048
214.61081926204588,111.20674879709048
214.61081926204588,111.20674879709048
214.61081926204588,111.20674879709048
214.61081926204588,111.20674879709048
214.61081926204588,111.20674879709048
214.61081926204588,111.20674879709048
214.61081926204588,111.20674879709048
214.61081926204588,111.20674879709048
214.61081926204588,111.20674879709048
214.61081926204588,111.20674879709048
214.61081926204588,111.20674879709048
214.61081926204588,111.20674879709048
,
,
,
,
,
,
,
,
,
,
,
,
,
,
,
,
,
,
,
,
,
,
,
,
,
,
,
,
,
,
,
,
,
,
,
,
,
,
,
,
,
,
,
,
,
,
,
,
,
,
,
,
,
,
,
,
,
,
,
,
,
,
,
,
,
,
,
,
,
,
,
,
,
,
,
,
,
,
,
,
,
,
,
,
,
,
,
,
,
,
,
,
,
,
,
,
,
,
,
,
,
,
,
,
,
,
,
,
,
,
,
,
,
,
,
,
,
,
,
,
,
,
,
,
,
,
,
,
,
,
,
,
,
,
,
,
,
,
,
,
,
,
,
,
,
,
,
,
,
,
,
,
,
,
,
,
,
,
,
,
,
,
,
,
,
,
,
,
,
,
,
,
,
,
,
,
,
,
,
,
,
,
,
,
,
,
,
,
,
,
,
,
,
,
,
,
,
,
,
,
,
,
,
,
,
,
,
,
,
,
,
,
,
,
,
,
,
,
,
,
,
,
,
,
,
,
,
,
,
,
,
,
,
,
,
,
,
,
,
,
,
,
,
,
,
,
,
,
,
,
,
,
,
,
,
,
,
,
,
,
