x_pos,y_pos
100.0,50.0
400.0,280.0
410.0,280.0
83.86175427162557,208.12493194987377
80.7477560006884,189.7433082292599
