x_pos,y_pos
,
,
,
,
,
,
,
,
,
,
,
,
,
,
,
,
,
,
,
,
,
,
,
,
,
,
,
,
,
,
,
,
283.4939064620616,279.82210858391505
283.4939064620616,279.82210858391505
283.4939064620616,279.82210858391505
283.4939064620616,279.82210858391505
283.4939064620616,279.82210858391505
283.4939064620616,279.82210858391505
283.4939064620616,279.82210858391505
283.4939064620616,279.82210858391505
283.4939064620616,279.82210858391505
283.4939064620616,279.82210858391505
283.4939064620616,279.82210858391505
283.4939064620616,279.82210858391505
283.4939064620616,279.82210858391505
283.4939064620616,279.82210858391505
283.4939064620616,279.82210858391505
283.4939064620616,279.82210858391505
283.4939064620616,279.82210858391505
283.4939064620616,279.82210858391505
283.4939064620616,279.82210858391505
283.4939064620616,279.82210858391505
283.4939064620616,279.82210858391505
283.4939064620616,279.82210858391505
283.4939064620616,279.82210858391505
283.4939064620616,279.82210858391505
283.4939064620616,279.82210858391505
,
,
,
,
,
,
,
,
,
,
,
,
,
,
,
,
,
,
,
,
,
,
,
,
,
,
,
,
,
,
,
,
,
,
,
,
,
,
,
,
,
,
,
,
,
,
,
,
,
,
,
,
,
,
,
,
,
,
,
,
,
,
,
,
,
,
,
,
,
,
,
,
,
,
,
,
,
,
,
,
,
,
,
,
,
,
,
,
,
,
,
,
,
,
,
,
,
,
,
,
,
,
,
,
,
,
,
,
,
,
,
,
,
,
,
,
,
,
,
,
,
,
,
,
,
,
,
,
,
,
,
,
,
,
,
,
,
,
,
,
,
,
,
,
,
,
,
,
,
,
,
,
,
,
,
,
,
,
,
,
,
,
,
,
,
,
,
,
,
,
,
,
,
,
,
,
,
,
,
,
,
,
,
,
,
,
,
,
,
,
,
,
,
,
,
,
,
,
,
,
,
,
,
,
,
,
,
,
,
,
,
,
,
,
,
,
,
,
,
,
,
,
,
,
,
,
,
,
,
,
,
,
,
,
,
,
,
,
,
,
,
,
,
,
,
,
,
,
,
,
,
,
,
,
,
,
,
,
,
,
,
,
,
,
,
,
,
,
,
,
,
,
,
,
,
,
,
,
,
,
,
,
,
,
,
,
,
,
,
,
,
,
,
,
,
,
,
,
,
,
,
,
,
,
,
,
,
,
,
,
,
,
,
,
,
,
,
,
,
,
,
,
,
,
,
,
,
,
,
,
,
,
,
,
,
,
,
,
,
,
,
,
,
,
,
,
,
,
,
,
,
,
,
,
,
,
,
,
,
,
,
,
,
,
,
,
,
,
,
,
,
,
,
,
,
,
,
,
,
,
,
,
,
,
,
,
,
,
,
,
,
,
,
,
,
,
,
,
,
,
,
,
,
,
,
,
,
,
,
,
,
,
,
,
,
,
,
,
,
,
,
,
,
